{"stat.useItem.152":1,"stat.useItem.155":41,"stat.walkOneCm":51904,"stat.useItem.278":2,"stat.useItem.356":3,"stat.useItem.24":1,"stat.useItem.287":6,"stat.mineBlock.16":4,"stat.mineBlock.17":4,"stat.useItem.126":1,"stat.jump":57,"stat.useItem.323":3,"stat.fallOneCm":211,"stat.useItem.70":2,"stat.useItem.404":3,"achievement.mineWood":4,"achievement.exploreAllBiomes":{"value":0,"progress":["Plains","Desert"]},"stat.useItem.86":1,"stat.useItem.131":2,"stat.useItem.331":5,"stat.useItem.44":10,"stat.useItem.89":8,"stat.useItem.137":2,"achievement.openInventory":50,"stat.damageTaken":2147483643,"stat.flyOneCm":59201,"stat.deaths":5,"stat.useItem.145":2,"stat.drop":40,"stat.useItem.51":11,"stat.useItem.389":3,"stat.playOneMinute":28767,"stat.useItem.17":35,"stat.useItem.16":4}